{"cameraMode":{"drawMode":0,"name":"Shaded","section":"Shading Mode"},"sceneLighting":true,"audioPlay":false,"sceneViewState":{"m_AlwaysRefresh":false,"showFog":true,"showSkybox":true,"showFlares":true,"showImageEffects":true,"showParticleSystems":true,"showVisualEffectGraphs":true,"m_FxEnabled":true},"in2DMode":false,"pivot":{"x":2.5107946395874025,"y":24.194419860839845,"z":1.4250974655151368},"rotation":{"x":0.0828620195388794,"y":-0.6668350696563721,"z":0.07500825822353363,"w":0.7368167042732239},"size":4.813807010650635,"orthographic":false}